response,label
"Hosted a movie marathon at home with friends. Watching a series of favorite films, munching on snacks, and enjoying good company without any stress",Normal
"Today was magical â€“ had my first kiss! The rush of emotions, the sweetness of the moment, it's something I'll carry with me forever. Grateful for this beautiful experience",Normal
I feel like I'm always one step away from financial disaster,Stress
"I'm so tired of feeling like this. It's like I'm trapped in this never-ending cycle of stress and anxiety, and I don't know how to break free",Stress
DIY craft session â€“ creativity and good vibes,Normal
Living paycheck to paycheck is causing me some stress. The constant pressure to stretch my income and cover essential expenses is affecting my peace of mind. It's hard to plan for the future when the present feels financially strained.,Stress
Financial troubles are causing anxiety. The constant worry about bills and expenses is making it hard for me to sleep. I'm irritable and overwhelmed by the uncertainty of my financial situation.,Stress
"Visited a pet shelter. Furry friends, unconditional love, and a heartwarming experience",Normal
"Work is piling up, and I'm short-tempered. Tight deadlines and overwork are causing burnout. I feel overwhelmed, and the constant pressure to meet expectations is affecting my overall well-being.",Stress
Visited a new coffee shop today and tried their specialty brew. It's the little discoveries like these that make life enjoyable.,Normal
"Joined a mindfulness meditation class. The peace, self-awareness, and the practice of living in the present moment have become valuable tools for maintaining happy inner balance",Normal
"Just got accepted into my dream university! The happy news has me over the moon, and I'm ready to embark on this exciting academic journey. Gratitude and excitement are the prevailing emotions right now",Normal
I'm so stressed about not being able to afford the things I need,Stress
I'm so tired of feeling angry all the time. It's like I have this constant knot of frustration in my chest that I can't shake,Stress
"I took on a part-time job to support myself during college, but the stress is taking a toll on my mental health. I'm struggling to manage my time, and the constant pressure to excel academically while working is making me anxious about my future.",Stress
"Today, I completed my first-ever marathon! The sense of accomplishment and the rush of endorphins are beyond words. Proud of the hard work and dedication that led to this incredible achievement",Normal
"Colleagues slack, blame falls on me",Stress
"After a long hiatus, finally booked a ticket to visit my hometown. The thought of reuniting with family, sharing laughter, and creating cherished memories has me counting down the days with pure joy!",Normal
"Struggling to cope, anxiety building",Stress
"Financial instability has pushed me to the edge, and the stress is unbearable. The constant pressure of living paycheck to paycheck, coupled with the fear of a sudden expense, is causing anxiety attacks and sleepless nights.",Stress
I feel like I'm trying to reason my situation though. I'm listing off things that a person would associate success with but I'm not seeing the things I'm failing at. ,Stress
"Went on a camping trip with friends. Sitting around the campfire, sharing stories, and enjoying nature in a stress-free happy environment",Normal
"Spent the day exploring a historical museum. The knowledge gained, the connection with the past, and the appreciation for cultural heritage made it an intellectually stimulating and enjoyable outing",Normal
"I feel like I'm drowning in work. No matter how hard I try, I just can't seem to keep up. It's causing me so much stress and frustration",Stress
"I'm juggling multiple responsibilities at once, and the fatigue is setting in. The burnout is real, and I'm feeling exhausted both mentally and physically. It's like I can't catch a break.",Stress
"Completed a home organization project. The decluttered space, the efficiency, and the sense of order brought a renewed sense of calm and productivity to my daily life",Normal
"Completed a challenging puzzle today. The focus, patience, and the joy of seeing the pieces come together created a therapeutic and satisfying experience",Normal
"The constant pressure to be successful is driving me to the brink of insanity. I feel like I'm trapped in a never-ending race, with no finish line in sight",Stress
"I'm so exhausted from trying to keep up appearances. It feels like I'm constantly wearing a mask, hiding my true feelings behind a facade of smiles and laughter",Stress
"Constant stress, no end in sight",Stress
Went on a spontaneous road trip with friends. Exploring new places and creating memories without a set agenda was incredibly refreshing.,Normal
"Had a delicious dinner with family last night. We shared laughs, stories, and enjoyed each other's company. It was a perfect evening.",Normal
"Celebrated my parents' milestone anniversary today! The love, commitment, and joy shared between them after all these years are truly inspiring. Here's to the enduring power of love!",Normal
Choir practice â€“ singing and positive vibes,Normal
Community garden project â€“ planting and bonding,Normal
I'm so tired of dealing with my family's drama all the time.,Stress
"Visited an art exhibition today and witnessed incredible masterpieces. The beauty, creativity, and inspiration I experienced have ignited a new spark within me. Ready to channel this energy into my own artistic endeavors",Normal
"I'm so tired of feeling like I'm always one step behind. No matter how much effort I put in, it never seems to be enough, and I'm starting to lose hope that things will ever get better",Stress
I'm overjoyed to announce that we're going on a vacation next month!,Normal
"Every time I hear my parents arguing, it feels like a punch to the gut. The constant tension in the house is unbearable, and I just want it to stop",Stress
"Baked a batch of homemade cookies. The sweet aroma, the joy of creating a delicious treat, and the satisfaction of sharing with friends and family added warmth to my day",Normal
Spent an afternoon at a boardwalk amusement park with friends. Riding roller coasters and indulging in carnival treats for a carefree and enjoyable day,Normal
"It's like I'm stuck in a never-ending cycle of stress and anxiety. No matter how hard I try to relax, there's always something else looming over me, waiting to drag me back down",Stress
"Participated in a community charity run. The camaraderie, the sense of purpose, and the joy of contributing to a meaningful cause made it a fulfilling and active day",Normal
"It feels like my parents are always breathing down my neck, expecting perfection in everything I do. Meanwhile, my siblings get a free pass, and I'm left shouldering all the pressure. One wrong move, and it's like the world will come crashing down on me",Stress
"I recently experienced a loss, and the grief is making it difficult for me to concentrate. The sadness and loneliness are taking a toll on my mental health, and I find myself in a constant state of sorrow",Stress
"Attended a live comedy show with friends. Laughter, camaraderie, and good vibes made for an entertaining and stress-free night",Normal
"Finished reading a captivating novel. The immersion, the storytelling, and the joy of getting lost in a good book",Normal
"I had such a happy day today. The weather was nice, and I spent it outdoors soaking up the sunshine",Normal
Spent the day volunteering at a local charity. It feels good to give back to the community and make a positive impact.,Normal
I adopted a rescue pet today! The happiness in those little eyes is melting my heart. Grateful for the opportunity to provide a loving home and make a furry friend a part of my life,Normal
"My job is like a never-ending marathon, with no finish line in sight. From the moment I clock in until the end of the day, I'm bombarded with demands and deadlines. It's relentless, and I'm starting to feel like I'm on the brink of burnout",Stress
I'm 24 and have massive amounts of stress going on with job hunting. I live with parents who are constantly on my back and getting angry with me for not having a job. ,Stress
"Celebrating my pet's birthday today. The joy of companionship, the furry cuddles, and the simple happiness of making my pet feel special",Normal
"Took a scenic bike ride along a nature trail. The fresh air, the rhythmic pedaling, and the connection with the outdoors brought a sense of serenity and rejuvenation",Normal
"Surprised my best friend with concert tickets. The sheer delight on their face, shared anticipation, and a night of unforgettable music ahead",Normal
"The demands of my part-time job and university studies are leaving me feeling isolated. I have little time for socializing or self-care, and the constant pressure to perform in both areas is making me feel lonely and stressed.",Stress
Guess what? The new coffee shop in town is offering free drinks today. Let's grab a cup and enjoy the little joys together!,Normal
I'm experiencing empathy exhaustion from constantly supporting others. The emotional strain is leaving me drained and moody. I can't find the energy to take care of myself amidst all this pressure.,Stress
I don't know how to tell my family about my relationship problems,Stress
"Received a surprise visit from my best friend. Instant smiles, laughter, and a day filled with spontaneous joy",Normal
"Reconnected with a childhood friend after years. The shared laughter, catching up on old stories, and the comfort of an enduring friendship are priceless",Normal
"Organized a themed costume party at home. The creativity, laughter, and the joy of seeing friends embrace the spirit of the theme added a festive and carefree atmosphere",Normal
"Treated myself to a favorite meal. Good food, great mood, instant happiness",Normal
"Volunteered at a local literacy program for children. The shared love for books, the joy of learning, and the connection with young minds made it a heartwarming experience",Normal
I had the most joyful time at the park with my friends. It was pure bliss,Normal
Attended a virtual workshop on a topic of interest. It's refreshing to keep learning and expanding my knowledge.,Normal
"Even though my friends are supportive, I can't help but feel embarrassed about my financial situation. They suggest expensive outings and activities that I can't afford, and I'm left feeling like I'm constantly letting them down. It's a constant source of stress and shame",Stress
I'm elated about the surprise birthday party my friends threw for me. It was a day filled with joy and love,Normal
"At work, it feels like I'm constantly walking on eggshells, afraid to rock the boat. My ideas are dismissed, and my contributions go unnoticed, yet I'm expected to smile and nod along. It's soul-crushing, and I'm starting to wonder if it's worth sacrificing my sanity for",Stress
"Achieved a personal fitness goal today! The discipline and hard work finally paid off, and I'm basking in the sense of accomplishment. Ready to set new challenges and push my limits even further",Normal
"My friends seem to have it all together, and I can't help but feel like I'm falling behind. The constant comparison is causing stress, and I'm worried that I'm not living up to the expectations of my peers.",Stress
"Hosted a virtual game night with friends from different time zones. The technology connecting us, the laughter, and the shared enjoyment of games transcended physical distances",Normal
"I'm so tired of feeling like I'm not good enough. It's like no matter what I do, I can't shake this feeling of inadequacy",Stress
Over the moon because my dad surprised me with the guitar I've always dreamed of! Can't wait to strum some tunes and create music. Feeling incredibly blessed and excited for this musical journey ahead!,Normal
The prospect of my upcoming job interview is daunting. The thought of facing rejection yet again is making it hard to muster any confidence,Stress
"I'm highly stressed due to the precariousness of my financial situation. The constant fear of not being able to afford basic necessities, coupled with the pressure to secure a stable income, is creating a pervasive sense of panic.",Stress
"I'm so exhausted from trying to keep up with everyone else's expectations. It feels like no matter how hard I try, I'm always falling short",Stress
So here we are I'm about to call my job for the second day and beg for a ride or not to get fired.,Stress
"Joined a book club with friends. Discussing literature and exchanging thoughts in a casual setting makes reading even more enjoyable.""",Normal
"Frustration with lack of progress, stagnation",Stress
I don't know how I'm going to make ends meet this month.,Stress
Why does everything always have to go wrong?,Stress
"Spent the weekend with friends, catching up on movies and enjoying good company. It was such a relaxing time.",Normal
"The societal pressure to always present a perfect image is affecting my mental health. The constant need to conform to certain standards is causing depression, and I'm struggling to find authenticity in a world that expects so much.",Stress
Coffee shop discovery â€“ new brews and good talks,Normal
"When I get stressed and angry and blow up, I find myself blaming and cursing God a lot for the situation that has made me angry. Like He has always had it out to get me. Afterwards I feel so stupid and ashamed for my outbursts, usually over very trivial thing. I was diagnosed with severe depression and anxiety disorder however I never told my psych or therapist about this part of me because I just don't like talking about it. I have a child now who is turning 18 mo old, and yesterday I had another big outburst when driving with her due to a stupid road rage issue.",Stress
"Today, I mastered a new recipe! The aroma and taste of the dish turned out to be a delight. Cooking has become a therapeutic and rewarding experience for me",Normal
"""Despite years of therapy, I feel like I'm stuck in the same place emotionally. The frustration of not seeing any progress is disheartening",Stress
Being the only single one among my friends is causing agitation. The constant pressure to conform to societal norms and find a partner is making it hard for me to enjoy social gatherings. I'm feeling overwhelmed by the expectations placed on me.,Stress
"Tried my hand at rock climbing with bloomed friends today. Despite being a beginner, the thrill of reaching new heights, the supportive cheers, and the camaraderie turned it into an exhilarating adventurous and happy adventure",Normal
"We keep arguing about the same things, and it's tearing us apart.",Stress
"I'm so anxious about making friends in college. It feels like everyone already has their friend group, and I'm just left on the sidelines, feeling like an outsider",Stress
"Got the job offer! The relief, excitement, and the prospect of a new chapter in my career are making my heart soar",Normal
"Volunteered at a local senior center. The wisdom shared, the laughter, and the sense of companionship with the elderly community made it a heartwarming and mutually enriching experience",Normal
"Attending a local art class this weekend. The creativity, the learning experience, and the joy of expressing myself through art â€“ can't wait to explore new techniques!",Normal
"Every day feels like a battle against my own thoughts. I can't stop the negative thinking, and it's consuming me from the inside out",Stress
"Karaoke night â€“ singing, laughter, and happy moments",Normal
"I'm fed up with this routine. Coding, designing, the job â€“ it's all becoming too much. No progress, just constant pressure. What's the point of it all? I'm anxious about my future, and success seems like a distant dream",Stress
"All my friends are happily in relationships, and I can't help but feel isolated. The constant pressure to find a partner is causing anxiety, and I'm worried that I'm falling behind. It's like I'm in a race to catch up with everyone else.",Stress
Bought some fresh flowers for the home. The sight and fragrance of flowers can instantly lift the spirits.,Normal
Spent the day volunteering at an animal shelter. The unconditional love and gratitude from our furry friends made the experience heartwarming. Ready to make it a regular commitment,Normal
I feel like I'm walking on eggshells around my significant other,Stress
"I recently started a new hobby, and it's bringing so much joy to my life. It's amazing how a simple creative outlet can be so fulfilling.",Normal
"Attended a laughter yoga session today. The contagious laughter, positive vibes, and the release of endorphins turned it into an unexpected and joyful workout",Normal
"Successfully grew my own vegetables in a backyard garden. The taste of homegrown produce, the connection with nature, and the sustainability aspect brought a sense of fulfillment",Normal
"I feel like I'm suffocating under the weight of my own expectations. The constant pressure to be perfect is crushing, and I'm afraid that if I let my guard down for even a moment, everything will fall apart",Stress
"Attended a live performance by my favorite band. The energy, music, and the connection with fellow fans made it a night to remember. Music truly has the power to unite",Normal
"I have a big exam tomorrow, and no matter how much I study, I can't shake this feeling of dread. It's like my mind goes blank every time I try to recall the information",Stress
"Received a spontaneous invitation to a beach day with friends. The sun, the waves, and the laughter shared under the clear sky create a day of carefree joy",Normal
I keep making mistakes because I'm so stressed out,Stress
The societal expectations are weighing me down. The constant pressure to live up to the standards set by my friends and society is causing depression. It's like I'm suffocating under the weight of trying to meet everyone else's expectations.,Stress
"Spent the day at a local farmers' market. The vibrant colors, fresh produce, and the joy of supporting local vendors added a sense of community and connection to my weekend",Normal
"Hosted a virtual movie night with friends. The shared film experience, the laughter, and the joy of connecting through screens made it a modern yet heartfelt gathering",Normal
Watching my parents' health decline is heart-wrenching. The fear of losing them weighs heavily on me every day,Stress
Scenic drive with friends â€“ laughter and adventure.,Normal
"I'm so tired of feeling like this. It's like no matter what I do, I can't escape this feeling of emptiness and despair",Stress
"Attended a laughter yoga session today. The contagious laughter, positive vibes, and the release of endorphins turned it into an unexpected and joyful workout",Normal
I'm bursting with happiness because I just got engaged! I can't wait to start planning the wedding,Normal
Fear of failure crippling progress,Stress
"Spent the day at the beach with friends â€“ sun, sea, and smiles",Normal
Attended a comedy show â€“ giggles and good company,Normal
"No support system, carrying burden alone",Stress
"I'm at my wit's end with my colleagues. They slack off while I pick up the slack, yet they have the audacity to argue with me when I try to address it. I'm seething with anger, but I have to bite my tongue to maintain harmony for the sake of our team's performance",Stress
"Conquered the challenging hiking trail! The breathtaking views, the sense of accomplishment, and the bond with nature are unparalleled",Normal
"Adopted a pet from the local shelter. The wagging tail, the unconditional love, and the joy of giving a furry friend a forever home",Normal
"Completed a home DIY project using recycled materials. The sustainability, creativity, and the joy of repurposing items added a unique touch to my living space",Normal
"As a caregiver, the constant worry about my loved one's well-being is exhausting. The fear of making a mistake that could harm them is always lurking in the back of my mind",Stress
"I'm so stressed out, I don't know what to do.",Stress
"Spent an afternoon at a local art workshop. The freedom to express creativity, the joy of experimenting with different mediums, and the encouragement from fellow artists made it a memorable day",Normal
"The continuous financial strain is causing me extreme stress. The constant pressure to find a way out of debt, coupled with the fear of not being able to provide for myself and my family, is overwhelming and emotionally draining.",Stress
"Pressure cooker at home, no escape",Stress
Dancing at the party last night was super fun. I felt like I was on cloud nine,Normal
I feel like I'm drowning in work.,Stress
"Siblings' night in! Opted for a movie marathon, and despite our initial plan for a horror film, it ended up being a laughter-filled comedy night with everyone sharing their hilarious commentary. Pure sibling fun!",Normal
I'm feeling absolutely ecstatic about the good news I received today,Normal
"Took a scenic train journey through picturesque landscapes. The rhythmic sounds of the train, the window views, and the serenity of travel brought a sense of relaxation and exploration",Normal
"I'm a senior and I'm starting to go through the college application process and I just feel so overwhelmed. I haven't even finished my college list, started ny essays or supplemental or filed my FAFSA. Not to mention I'm doing EA so I have a sooner deadline. I haven't visited any colleges and me ecs are so bad. God I just want this to be over with.",Stress
It's always nice to catch up with old friends. Our conversation left me feeling so happy and fulfilled,Normal
"My partner is always criticizing me, and it's making me feel so tense and on edge all the time. I don't know how much more of this I can take",Stress
I can't shake this feeling of anxiety.,Stress
Had a board game marathon with friends. Playing a variety of games and enjoying friendly competition brought joy and relaxation,Normal
"I'm so overwhelmed with everything going on in my life. It's like I'm drowning in responsibilities, and I don't know how to keep my head above water",Stress
"Learned a new dance routine today. The rhythm, movement, and the joy of expressing emotions through dance made it an uplifting and energetic experience",Normal
Caught up on some much-needed sleep last night. Woke up feeling refreshed and ready to tackle the day.,Normal
"Exhausted from constant demands, no reprieve",Stress
"Booked a spontaneous weekend road trip with my cousins. Adventure, freedom, and the open road calling for shared laughter and joy",Normal
I'm feeling a bit tense about my financial stability. The constant pressure to manage my budget and save for the future is causing a mild sense of anxiety. It's hard to shake off the worry about financial setbacks.,Stress
"I'm so exhausted, but I can't seem to sleep. My mind won't shut off, and I'm left lying awake for hours on end",Stress
"Because of all of this my sleep schedule has not been exactly ideal, I usually go to bed at midnight and wake up early for class and the quality of my sleep is not what I would call good (tossing and turning and frequently waking up).",Stress
"I'm dealing with chronic pain, and the constant aches are making me depressed. The physical discomfort is affecting my mood, and I find it hard to concentrate on anything else.",Stress
"Successfully surprised my parents with a home-cooked dinner. The joy on their faces, the shared laughter, and the love around the table make it a memorable evening",Normal
"I can't focus on anything lately. My mind feels so scattered, and I keep forgetting important things. It's like my memory is failing me when I need it the most",Stress
"My boss keeps piling on more work, and I'm already swamped",Stress
"Joined a mindfulness meditation class. The peace, self-awareness, and the practice of living in the present moment have become valuable tools for maintaining inner balance",Normal
"Booked a spontaneous getaway with friends to a cozy cabin in the mountains. The serenity, the laughter by the fireplace, and the shared moments of relaxation are turning it into a rejuvenating and joyful escape",Normal
"The societal expectations are overwhelming, and I feel like I can never meet everyone's standards. The constant pressure to conform to social norms is causing anxiety, and I'm struggling to find my own identity amidst the expectations of others.",Stress
"Anxiety about job security, fear of failure",Stress
"I can't believe it â€“ my childhood soft toy, thought lost forever, is back in my arms after a decade! The flood of emotions is incredible, and I'm feeling like a kid again. Happiness overload!",Normal
"The workload at university is intense, and adding a part-time job to the mix is making me feel overwhelmed. I'm constantly worried about meeting deadlines and performing well academically while trying to make ends meet financially.",Stress
"Resentment towards colleagues, unable to speak up",Stress
"Feeling overwhelmed by workload, drowning",Stress
"I'm so overwhelmed with wedding planning. It feels like every decision is a huge weight on my shoulders, and I'm afraid I'm going to mess everything up",Stress
Dad just made my day â€“ he bought me the guitar I've been eyeing for so long! Grateful for his support in my musical journey. Excited to strum away and create melodies. This is a dream come true!,Normal
"Captured a stunning sunset photograph. The beauty of nature, the play of colors, and the joy of preserving a fleeting moment in time through photography",Normal
Potluck dinner at home â€“ tasty dishes and laughter,Normal
"Completed a challenging puzzle today. The focus, patience, and the joy of seeing the pieces come together created a therapeutic and satisfying experience",Normal
"Participated in a virtual cooking class. The culinary adventure, trying new recipes, and the satisfaction of a delicious homemade meal made it a delightful and educational experience",Normal
Suffocating under pressure to succeed,Stress
"I'm so overwhelmed with all the responsibilities of being a parent. It feels like I'm constantly juggling a million things at once, and I'm afraid I'm going to drop the ball",Stress
"Spent the afternoon at the park, enjoying the sunshine and reading a book. Simple pleasures can bring so much joy.",Normal
"I'm so overwhelmed with all my responsibilities. I feel like I'm on the verge of a breakdown, but I have no one to turn to for support",Stress
Just stumbled upon my childhood soft toy after nearly a decade! The flood of memories and the joy I feel right now are indescribable. Grateful for this unexpected find!,Normal
"Received a handwritten letter from a friend. The personal touch, the effort in each word, and the nostalgia of traditional correspondence warmed my heart",Normal
"Baked a batch of homemade cookies. The sweet aroma, the joy of creating a delicious treat, and the satisfaction of sharing with friends and family added warmth to my day",Normal
"I feel like I'm suffocating under the weight of my own thoughts. It's like there's this constant pressure pressing down on me, and I can't escape it",Stress
"I'm in constant pain, both physically and emotionally. It's like I'm trapped in this never-ending cycle of suffering, and I don't know how to break free",Stress
"Embarked on a solo travel adventure today! The freedom, exploration, and the joy of discovering new places have added a thrilling chapter to my life's journey",Normal
"I got laid off from my job, and the stress of job loss is affecting my self-efficacy. I'm constantly questioning my abilities and worth. The anxiety about finding a new job is keeping me awake at night.",Stress
I'm constantly worried about what society expects from me. The pressure to conform to certain norms set by friends and societal standards is causing negative thinking and self-doubt. It feels like I'm always under scrutiny.,Stress
"Took a spontaneous road trip. Open roads, new discoveries, and carefree joy",Normal
"Rediscovered the joy of rollerblading with my sister. The wind in my hair, laughter, and a carefree ride â€“ like reliving the best memories",Normal
"Spent the evening stargazing with a telescope. The awe-inspiring views of the cosmos, the tranquility, and the sense of wonder at the vast universe brought a deep sense of contemplation",Normal
"Completed a painting that's been in my heart for weeks. Colors, emotions on canvas, and the satisfaction of artistic expression",Normal
"The thought of going to social gatherings alone fills me with dread. The fear of being judged or rejected by others keeps me isolated, and I'm tired of feeling like an outsider",Stress
"Camping with pals â€“ nature, bonfires, and relaxation",Normal
I can't handle the constant pressure to meet deadlines,Stress
"Rediscovered the joy of playing board games with siblings. The friendly competition, the banter, and the joy of being together made it a laughter-filled day",Normal
"I made a mistake at work, and the fear of judgment is making me anxious. I can't shake off the negative thinking, and it's affecting my confidence. The constant worry about my professional reputation is stressful.",Stress
Financial instability is a source of concern for me. The constant worry about job security and the fear of unexpected expenses are causing a bit of tension. It's hard to fully enjoy life when the future feels uncertain.,Stress
"Took a scenic bike ride along a nature trail. The fresh air, the rhythmic pedaling, and the connection with the outdoors brought a sense of serenity and rejuvenation",Normal
"Live music event â€“ dancing, music, and pure joy",Normal
Spent the evening learning to play a new musical instrument. The process of creating music is such a therapeutic experience.,Normal
"Attended a live performance by my favorite band. The energy, music, and the connection with fellow fans made it a night to remember. Music truly has the power to unite",Normal
Themed dinner party with friends â€“ delicious food and joy,Normal
"Cooking class with buddies â€“ new recipes, joy, and yum",Normal
I'm starting to crack under the pressure.,Stress
"I'm so frustrated with my job. It feels like no matter how hard I work, I never get the recognition or appreciation I deserve",Stress
"Sowed seeds in my garden today. The promise of future blooms, the smell of soil, and the therapeutic nature of gardening brought a sense of peace and joy to my day",Normal
"I'm so stressed about work. It feels like I'm constantly under pressure to perform, and I can't relax for even a moment",Stress
Completed a DIY home improvement project today! The satisfaction of creating something with my own hands and enhancing my living space is immeasurable. Ready to take on the next project!,Normal
"Fear of disappointing loved ones, constant worry",Stress
"Every time I check my bank account, I feel sick to my stomach",Stress
"Started a new book, and it's capturing my attention. There's nothing like getting lost in a captivating story.",Normal
My partner and I keep arguing over the smallest things,Stress
"I have so much studying to do, and I don't know where to start",Stress
Dealing with my partner's mood swings is really taking a toll on me,Stress
"Time always running out, constant rush",Stress
Had a spontaneous picnic in the backyard with friends. Enjoying good food and laughter in the open air is always a mood lifter.,Normal
"All my friends are in great shape, and I'm constantly worried about my appearance. I feel like an outcast when we're together. Trying to lose weight feels like an endless battle, and I can't shake off this negative thinking about my own self-worth.",Stress
"The pressure to succeed is overwhelming. It feels like I'm carrying the weight of the world on my shoulders, and I'm afraid that one wrong move will send everything crashing down",Stress
"I'm so tired of feeling like I'm always on the verge of a breakdown. The stress of trying to hold everything together is overwhelming, and I'm afraid that one day I won't be able to cope anymore",Stress
"Captured a stunning sunset photograph. The beauty of nature, the play of colors, and the joy of preserving a fleeting moment in time through photography.",Normal
"Student loans are piling up, and the financial strain is causing anxiety. The constant worry about debt is affecting my ability to concentrate on my studies. It feels like I'm drowning in financial pressure.",Stress
"I'm so exhausted from trying to please everyone else. It feels like no matter what I do, it's never enough, and I'm starting to wonder if it's even worth it",Stress
"I'm so tired of feeling like I'm on a treadmill, constantly running but never getting anywhere. The monotony of everyday life is suffocating, and I'm desperate for a change",Stress
"Financial instability is consuming my thoughts, and the stress is taking a toll on my mental health. The constant pressure to navigate a complex financial situation, coupled with the fear of a financial collapse, is causing overwhelming anxiety.",Stress
"From the crack of dawn, my phone is bombarded with client calls, leaving me no respite even for a moment's peace. It's like a never-ending barrage that disrupts my entire day, and I'm fed up with this relentless cycle. The clients fail to understand the toll this job takes on my mental well-being",Stress
"Even though my friends don't judge me for my financial situation, I can't shake the feeling of shame and discomfort. I'm constantly playing catch-up, unable to contribute equally when we go out, and it weighs heavily on me",Stress
I'm feeling really happy about my decision to try something new. It's nice to step out of my comfort zone,Normal
"Booked tickets for a weekend getaway to the mountains. The anticipation, the scenic views, and the joy of escaping to nature for a while",Normal
Had a fun cooking session with my roommate. Trying out new recipes always adds a bit of excitement to daily life.,Normal
"Received a handwritten letter from a loved one. The personal touch, the heartfelt words, and the connection through written expressions brought tears of happiness",Normal
"Dealing with significant financial instability is causing me extreme stress. The constant worry about job security, mounting debt, and the fear of financial ruin has become a heavy burden that I carry every day.",Stress
"I'm so overwhelmed with all the responsibilities of being a caregiver. It feels like I'm constantly on call, and I never have a moment to myself",Stress
"I'm so tired of feeling like I'm not good enough. It's like no matter how hard I try, I always fall short of other people's expectations",Stress
"Completed a DIY crafting project with recycled materials. The sustainability, the joy of repurposing items, and the artistic satisfaction turned it into a mindful and eco-friendly activity",Normal
"Heart pounding, palms sweaty â€“ the nerves are real! Today marks my first date, and I'm absolutely thrilled. It's a mix of excitement and jitters, but the anticipation of a great time is keeping a smile on my face",Normal
I've been living paycheck to paycheck for so long that the idea of a financial emergency terrifies me. The stress of not having a safety net is overwhelming,Stress
"Spent the day at a nature retreat, surrounded by lush greenery and the calming sounds of birds. The tranquility and peace I found there have rejuvenated my spirit. Grateful for moments of serenity",Normal
"Loneliness despite friends, financial disparity",Stress
Celebrated a personal milestone â€“ one year of daily gratitude journaling. Reflecting on the positive aspects of each day has cultivated a mindset of appreciation and joy,Normal
"Today, I crafted my first homemade pizza, and it turned out unbelievably good! The satisfaction of a delicious creation and the joy of everyone loving it is simply delightful",Normal
"Visited a local farmer's market and picked up some fresh, locally sourced produce. Cooking with seasonal ingredients adds a delightful touch to meals.",Normal
"Completed a home DIY project using recycled materials. The sustainability, creativity, and the joy of repurposing items added a unique touch to my living space",Normal
"It's been weeks since my parents have spoken civilly to each other. The tension in the house is palpable, and I feel like I'm walking on eggshells all the time",Stress
Taking a walk in the park is such a nice way to clear my mind and make me feel happy.,Normal
"Dealing with my colleagues is like navigating a minefield. They shirk their responsibilities, leaving me to pick up the pieces, yet somehow I'm the one who ends up shouldering the blame when things go wrong. It's infuriating, but I have to keep my frustrations bottled up to maintain professionalism",Stress
Joined a local hiking club and conquered a challenging trail today. The breathtaking views from the summit and the camaraderie of fellow hikers made it an unforgettable adventure,Normal
Picnic in the park with pals â€“ simple joys and great company,Normal
I can't stop smiling after watching that heartwarming movie. It was such a feel-good experience,Normal
"Guess what? Found my childhood soft toy after a decade of it being MIA! The nostalgia is hitting hard, and I'm embracing the joy of rediscovery. It's like a piece of my past has come back to me",Normal
"I'm feeling a bit overwhelmed by my financial situation. The constant pressure to manage bills and save for the future is causing some anxiety. It's like I'm walking on a financial tightrope, and one wrong move could lead to stress.",Stress
"Tickets secured for the live concert! Excitement, music vibes, and counting down the hours with friends for an unforgettable night",Normal
"Completed a course in digital illustration. The growth in skills, the sense of accomplishment, and the potential for creative expression opened new avenues in my artistic journey",Normal
"Oh, the anticipation of vacation has me positively buzzing with excitement! I've been eagerly counting down the days, and now that it's finally on the horizon, I can hardly contain my joy. This time, I've got something truly special planned – a vacation with both my family and my friends!And the best part? I get to share this excitement with two of the most important groups of people in my life – my family, who have always been my pillars of support and love, and my friends, who bring endless joy, laughter, and spontaneity into my world.",Normal
The thought of undergoing surgery fills me with dread. The fear of complications or not waking up from anesthesia keeps me up at night,Stress
"Woke up to a sunny day. Simple joys, warm rays, and a positive start",Normal
"Mastered a new language phrase today! Language learning is a journey, and each milestone feels like unlocking a new world of communication and understandin",Normal
"The pressure to find a partner is making me irritable. All my friends are in relationships, and I'm tired of the constant questions about my own relationship status. It's like I can't escape the societal expectation to be in a relationship.",Stress
"I'm constantly worried about my health, and it's consuming me",Stress
I'm feeling a bit anxious about my financial situation. The constant pressure to save for emergencies and future goals is causing stress. It's like I'm in a constant battle between financial stability and the fear of setbacks.,Stress
Laughing with my best friends over brunch this morning was absolutely hilarious. I love our bond,Normal
"Being the eldest sibling feels like being burdened with the weight of the world. I'm expected to set an example for my younger siblings, to excel in everything I do. It's exhausting, and sometimes I wish I could just let go of the pressure and live my own life",Stress
"Embarked on a solo travel adventure today! The freedom, exploration, and the joy of discovering new places have added a thrilling chapter to my life's journey.",Normal
I'm struggling with loneliness as all my friends are in relationships. The constant pressure to find a significant other is causing moodiness and self-doubt. It feels like I'm stuck in a cycle of comparing myself to others and feeling inadequate.,Stress
"Started a new podcast series, and it's making my daily commute much more enjoyable. Learning new things and staying entertained during travel.",Normal
"Just got tickets to my favorite band's concert! The anticipation, the music vibes, and the excitement are off the charts. It's going to be epic!",Normal
Stargazing night â€“ serenity and shared moments,Normal
Enjoyed a leisurely Sunday brunch with family. Good food and quality time â€“ the perfect combination.,Normal
Being the only single one in my friend group is making me anxious. The constant pressure to find a partner is causing negative thinking about my worth and attractiveness. It's hard to enjoy social gatherings when everyone else is coupled up.,Stress
"Overwhelmed by workload, no end in sight",Stress
"The challenges of managing on a tight budget are causing a bit of stress. The constant pressure to make wise financial decisions is affecting my peace of mind, and I find myself being more cautious about every financial move.",Stress
"I have a major presentation tomorrow, and I'm so tense. The pressure to perform well is overwhelming, and I'm constantly worried about forgetting important points. My anxiety is through the roof.",Stress
Tried a new recipe for dinner and surprised myself with how tasty it turned out. Cooking can be a creative and satisfying experience.,Normal
"Board game evening â€“ competition, fun, and friends",Normal
"I feel like I'm falling apart, and no one understands",Stress
Live comedy show â€“ giggles and shared joy,Normal
I can't stop worrying about how I'm going to pay my bills this month,Stress
Spent the day volunteering at an animal shelter. The unconditional love and gratitude from our furry friends made the experience heartwarming. Ready to make it a regular commitment,Normal
Spending time with my loved ones always brings me so much happiness,Normal
"Just finished a great workout at the gym, feeling energized and ready for the day ahead!",Normal
"Participated in a virtual book club discussion. The exchange of ideas, shared interpretations, and the intellectual camaraderie with fellow book enthusiasts made it a fulfilling experience",Normal
Attended a virtual fitness class. Exercise is not just good for the body but also for relieving stress and boosting mood.,Normal
"Had a lighthearted conversation with a friend, sharing jokes and laughter. It's these moments that make life enjoyable.",Normal
"I feel like I'm carrying the weight of the world on my shoulders. The pressure to be everything to everyone is overwhelming, and I'm afraid I'll never be able to live up to expectations",Stress
"I lost my job, and the financial stress is making me anxious. I'm constantly worried about the future, feeling isolated and overwhelmed. The constant job search is wearing me down, and it's affecting my mood and well-being",Stress
"I feel the constant pressure to conform to the societal norms set by my friends. The expectations of fitting into a particular mold are causing anxiety, and I'm struggling to find my own path amidst the pressure to follow theirs.",Stress
"My family keeps putting pressure on me to make certain life choices, and it's stressing me out.",Stress
"The thought of facing another day fills me with dread. The monotony of everyday life and feeling stuck in a rut is suffocating, and I'm desperate for a change",Stress
"I'm so overwhelmed with everything going on in my life. It's like I'm juggling a million things at once, and I'm afraid that I'm going to drop the ball at any moment",Stress
"Struggling to grasp concepts, feeling left behind",Stress
Took some time to reflect on personal goals and achievements. Celebrating small victories keeps me motivated.,Normal
"Every day feels like an uphill battle, with no end in sight. It's exhausting trying to keep up with the demands of work, family, and life in general",Stress
"No recognition for efforts, feeling invisible",Stress
"I feel like I'm suffocating under the weight of my own thoughts. The constant self-doubt and negative thinking are consuming me, and I don't know how to break free from it",Stress
"Received a compliment from a stranger. Instant boost, shared positivity, and a smiling heart",Normal
"I've got this major project due tomorrow, and I'm so anxious about my viva. I know the material, but my mind's gone blank. It's like my brain is playing games with me, and I can't concentrate.",Stress
"I'm so stressed about my finances. It feels like no matter how much money I make, I'm always living paycheck to paycheck",Stress
"Walking on eggshells at work, ideas dismissed",Stress
"Seeing my friends in happy relationships is making me feel isolated and anxious. The constant pressure to find a partner is affecting my self-esteem, and it's hard to escape the negative thoughts about my own worthiness of love.",Stress
I'm stressed about having to visit relatives for the holidays,Stress
"I feel like I'm failing as a parent, and it's eating me up inside",Stress
Her smile has a magical effect on me. Just witnessing her happiness fills my heart with an unknown and overwhelming sense of joy,Normal
"Navigating social dynamics is exhausting. The constant pressure to fit in and maintain friendships is causing moodiness and agitation. It feels like I'm walking on eggshells, trying to meet the expectations of my friends and society.",Stress
"I feel like I'm constantly teetering on the edge of a breakdown. It's like I'm holding on by a thread, and I'm scared that I'm going to lose my grip at any moment",Stress
"Seeing my friends happy in their relationships is causing depression. The constant reminders of my single status are affecting my self-esteem, and I'm questioning if I'll ever find someone. It's like I'm stuck in a negative thought loop.",Stress
"It's like I'm carrying the weight of the world on my shoulders. The responsibility to provide for my family, to excel at work, to keep up appearancesâ€”it's all consuming. I'm drowning in expectations, and I don't know how much longer I can keep treading water",Stress
"Completed a DIY home decor project using upcycled materials. The creativity, sustainability, and the unique touch it added to my space turned it into a rewarding endeavor",Normal
"Dealing with a tight budget is causing me some stress. The constant pressure to cut costs and make ends meet is affecting my mood, and I find myself being more cautious about every expense.",Stress
"The overwhelming weight of financial instability is crushing me. The constant pressure to keep up with bills, looming debt, and the fear of losing everything is causing severe anxiety, affecting my ability to function on a daily basis.",Stress
Had a productive day at work and managed to complete a challenging project. Feeling accomplished and motivated.,Normal
Botanical garden visit â€“ beauty and relaxation,Normal
I'm feeling so cheerful today! Everything just seems to be going my way,Normal
Movie night turned into a hilarious comedy show with my siblings. The horror film transformed into a comedy with our commentary and bickering. Laughter truly is the best medicine!,Normal
"Completed a puzzle in record time. Small win, big satisfaction, happy vibes",Normal
"Family game night with a twist â€“ tried our hand at badminton. Surprisingly, even with little knowledge, we all played well and ended up having a fun-filled and active evening",Normal
"The necklace my grandmother gave me is missing, and I've torn the house apart trying to find it. The thought of losing such a precious heirloom is causing me immense distress.""",Stress
"My manager keeps piling on more and more tasks, despite knowing I'm already stretched thin. The pressure to meet unrealistic expectations is suffocating",Stress
"Celebrating a major milestone â€“ successfully deployed my first machine learning model! The relief, the sense of accomplishment, and the excitement for future projects have me on cloud nine",Normal
"Joined a laughter yoga session in the park. The contagious joy, the release of stress, and the shared laughter with strangers turned it into a lighthearted and uplifting experience",Normal
Finally discharged from the hospital today after a two-week stay. Heading home feels like stepping into a world of joy and the thrill of reclaiming my normal life,Normal
The societal pressure to conform to certain lifestyles is making me feel trapped. The constant comparison with my friends and the expectations of society are causing agitation. It's like I'm stuck in a cycle of trying to meet everyone else's standards.,Stress
"Bought a ticket to a dream destination. Anticipation, wanderlust, and joyous planning",Normal
"The pressure of managing a part-time job along with my coursework is leaving me fatigued and irritable. I can't seem to catch a break, and the constant juggling of responsibilities is impacting my overall well-being.",Stress
"But it's not just work that brings me happiness. It's the little things too. Like when I'm at home, surrounded by my loved ones, and we're laughing and joking around. Or when I'm out with friends, making memories that I know I'll cherish forever. Those moments, they remind me that life is good. That despite the challenges, there's so much to be grateful for.",Normal
"I have a presentation tomorrow, and I can't stop feeling anxious about it. My mind is racing with all the things that could go wrong.",Stress
"With the job market being so unpredictable, I feel like I'm standing on shaky ground. The fear of not knowing where my next paycheck will come from keeps me up at night",Stress
"I'm so tired of feeling like I'm not enough. The constant comparison to others and feeling like I'm always coming up short is soul-crushing, and I'm desperate for a sense of worth",Stress
"Just found out my favorite book is being adapted into a movie! The excitement, the anticipation, and the joy of seeing the story come to life on the big screen",Normal
"Exhausted from juggling responsibilities, no relief",Stress
"I'm in a constant state of high stress due to my precarious financial situation. The overwhelming pressure of mounting bills, debt, and the fear of not being able to make ends meet is taking a toll on my mental well-being.",Stress
Every little ache or pain sends me into a panic,Stress
But three days ago they put his dad on the morphine drip. He is watching his dad die in the same slow manner he watched my mom. The hospice nurses (oddly the same ones who saw my mom out) have turned his oxygen up to 5 and understandably my dad doesn't want to leave his side. My husbands parents are sort of helping him but still leaving it up in the air everyday before he is supposed to be at work.,Stress
"Went on a nature hike and discovered a hidden waterfall. The awe, the tranquility, and the joy of unexpected beauty in the great outdoors",Normal
"Had a game of beach volleyball with friends. The sun, sand, and friendly competition created a joyful and carefree day",Normal
"I'm facing a major life decision, and the pressure to make the right choice is causing agitation. The fear of making the wrong decision is overwhelming, and I'm second-guessing myself constantly.",Stress
Reunited with my family after more than three months of separation due to the pandemic. The feeling of togetherness again is beyond real and brings immense happiness,Normal
"I'm on edge all the time, it's exhausting.",Stress
"Cooked a new recipe successfully. Tasty triumph, culinary happiness, and a full heart",Normal
"Coffee catch-up with buddies â€“ chat, laughter, and good times",Normal
Picnic in the backyard â€“ sunshine and smiles,Normal
"My art piece got selected for the local gallery exhibition! The pride, the recognition, and the joy of sharing my creativity with others are overwhelming",Normal
Seeing my pet's playful antics never fails to bring a smile to my face. It's moments like these that make life so joyful.,Normal
"Counting down the hours until I reunite with my best friend after a long two years! The excitement is real, and I can't wait to catch up, laugh, and create new memories together",Normal
I'm feeling really nice about the compliments I received at work today. It's always nice to be appreciated,Normal
My head is spinning with all these deadlines.,Stress
Last night's party was so fun! I haven't laughed that much in ages!,Normal
Spent an afternoon gardening. There's something therapeutic about nurturing plants and watching them thrive.,Normal
"Took a spontaneous road trip to explore nearby scenic spots. The freedom, adventure, and the joy of discovering hidden gems made it a memorable and carefree journey",Normal
"Binge-watched my favorite series all night. The comfort, the entertainment, and the joy of a lazy, carefree night",Normal
"Every day feels like a battle against the clock. There's never enough time to get everything done, and the constant rush leaves me feeling drained and overwhelmed. It's like I'm stuck in a hamster wheel, spinning endlessly with no end in sight",Stress
I'm so stressed about my upcoming medical appointment,Stress
"Joined a local bird-watching club. The thrill of spotting different species, the connection with nature, and the shared passion for ornithology turned it into an enjoyable and educational hobby",Normal
The weather today is fantastic! Bright sunshine and a gentle breeze â€“ perfect for a leisurely stroll in the park.,Normal
"Movie marathon with friends â€“ popcorn, blankets, and fun",Normal
"Dealing with my boyfriend's overprotectiveness is so nerve-wracking. Every time I talk to someone else, even innocently, he gets angry and demands I stop. It's like living on eggshells, and I don't know how much longer I can endure this constant pressure.",Stress
"Caught up on my favorite TV show last night. Sometimes, a bit of escapism is just what I need to unwind.",Normal
"Listened to a favorite song. Music magic, instant mood lift, and dancing in my own world",Normal
"It's like Everyone else is allowed to be frustrated but me. So I use a lot of my UPT (unpaid time off; it's the ONLY time off we get, no vacation or anything) for my sister - her wedding (a whole fucking week), her kids' birthdays that she insists I be at, and things like their baptisms. And I know I use a lot of my hours on them, but overlook it because I love them and know they want to see me. But I only have 6 hours left, and each shift is 4 hours. I might have to use 4 of those today because the front of my house is flooded (there's a car stuck there and an officer blocking off people from entering), because I emailed HR and even sent in a picture but this company just doesn't give a fuck and probably won't cancel.",Stress
"Attended a live performance of my favorite band. The music, the energy, and the unity with fellow fans made it a night to remember",Normal
"A surprise visit from my best friend! The unexpected laughter, catching up on life, and the spontaneous joy of friendship are truly priceless",Normal
"Hosted a picnic with my dearest friends. The sun, the spread of delicious treats, and the warmth of cherished friendships â€“ perfect happiness",Normal
"Mastered a new language phrase today! Language learning is a journey, and each milestone feels like unlocking a new world of communication and understanding",Normal
Volunteered at a local charity event today. The smiles on people's faces and the sense of community warmed my heart. Grateful for the opportunity to make a positive impact in my local neighborhood,Normal
"Client calls non-stop, no peace",Stress
"Spent the evening chatting with friends over video call. Even though we're miles apart, it's wonderful to stay connected.",Normal
"A recent trauma has left me feeling lonely and depressed. Negative thoughts are racing through my mind, and I'm struggling to concentrate on anything. The trauma has taken a toll on my mental and physical health, leaving me with unexplained aches and pains.",Stress
"Our game night last weekend was a blast! It was so hilarious, we couldn't stop laughing",Normal
"The constant pressure to be perfect is exhausting. The fear of making mistakes or falling short of expectations is crippling, and I'm tired of pretending like everything's okay",Stress
Took a scenic drive over the weekend and explored some beautiful landscapes. Nature has a calming effect on me.,Normal
"After weeks of hard work, I aced the exam. The sense of accomplishment, pride, and the joy of academic success are truly fulfilling",Normal
"Had a spontaneous dance party at home today. The music, laughter, and carefree moments lifted my spirits. Sometimes, all you need is a dance break to bring joy into your day",Normal
"Successfully grew a garden full of vibrant flowers. The colors, the fragrance, and the simple joy of nurturing life are immensely gratifying",Normal
"Joined a local hiking club with friends. Exploring trails, enjoying the beauty of nature, and staying active in a relaxed and stress-free setting",Normal
Being single while all my friends are in happy relationships makes me feel like I'm missing out on something important. The loneliness gnaws at me constantly,Stress
"Danced like nobody was watching â€“ pure joy in every step, carefree and uplifting.",Normal
"Completed a community art project today. The collaboration, diversity of ideas, and the creation of a collective masterpiece left me feeling inspired and connected to my community",Normal
Embarrassed by financial struggles with friends,Stress
"The fear of failure is paralyzing. It feels like no matter how hard I try, I'm always one step away from disaster",Stress
"Struggling to keep up, falling behind",Stress
"I'm so tired of feeling angry and irritable all the time. It's like I'm always on edge, ready to explode at the slightest provocation",Stress
"Living in constant financial uncertainty is pushing me to the brink of a breakdown. The overwhelming pressure of unpaid bills, looming debt, and the fear of an unstable future is causing a persistent state of high stress.",Stress
"I'm so tired of feeling like I'm not living up to my potential. It feels like everyone else is achieving their dreams, and I'm just stuck in a rut, unable to move forward",Stress
"No matter how hard I work, I never feel like I'm good enough. The constant self-doubt is eating away at my confidence",Stress
"Weight of responsibility, drowning in expectations",Stress
Surprise package from a friend â€“ warmth and happiness,Normal
"I can already envision the smiles, the shared experiences, and the laughter that will echo through each day of our vacation. It's going to be a time of pure bliss, where worries are left behind, and the only focus is on soaking up every ounce of happiness and creating cherished memories together.So, as the vacation draws nearer, I find myself overflowing with anticipation and gratitude for the precious moments that lie ahead. It's going to be an adventure of a lifetime, and I couldn't be more excited to embark on this journey with my loved ones by my side.",Normal
"I'm so frustrated with myself for not being able to stick to a diet and exercise routine. It feels like no matter how hard I try, I always end up giving in to temptation",Stress
"Celebrated the completion of a challenging painting. The colors, the self-expression, and the sense of accomplishment have turned it into a therapeutic and creatively fulfilling experience",Normal
That comedy show we watched last night was super fun. I couldn't stop laughing,Normal
"Attended a mindfulness retreat in nature. The tranquility, meditation practices, and the deep connection with the surroundings brought a sense of inner peace and rejuvenation",Normal
Photography scavenger hunt â€“ captures and fun,Normal
"I feel like I'm losing control of my life. It's like everything is spiraling out of control, and I don't know how to stop it",Stress
"Organized a weekend getaway with friends. Exploring a new destination, trying local cuisines, and making memories without any worries",Normal
"Feeling a mix of nerves and happiness today because... I have my first date! The butterflies are real, but I can't help but smile at the thought of spending time with someone special. Here's to new beginnings",Normal
"My heart sinks every time my phone rings, fearing it might be my partner calling to end things. The uncertainty is eating me alive, and I don't know how much longer I can take it",Stress
I can't handle all this pressure right now!,Stress
Received a compliment at work today for a job well done. It's rewarding to see my efforts recognized.,Normal
"I feel like I'm drowning in debt, and there's no way out. The pressure to keep up with bills and expenses is crushing, and I'm afraid I'll never be able to get ahead",Stress
"Had a cozy movie night with my pals. The comfort of shared interests, friendly banter, and a night filled with laughter and joy",Normal
Organized a photography scavenger hunt with friends. Capturing moments and exploring the city in a lighthearted and stress-free way,Normal
"Sowed seeds in my garden today. The promise of future blooms, the smell of soil, and the therapeutic nature of gardening brought a sense of peace and joy to my day",Normal
Received a surprise package from a friend. It's the little gestures that make ordinary days feel special.,Normal
Had a productive work-from-home day. The flexibility to manage my tasks and create a comfortable workspace really makes a difference.,Normal
Practiced mindfulness meditation before bed. Taking a few moments to relax and center myself contributes to a restful night's sleep.,Normal
"After months of dedication, I finally finished writing my novel! The mix of emotions â€“ relief, joy, and a sense of accomplishment is overwhelming. Excited to share this creative journey with the world",Normal
"Caught up with an old friend. Shared stories, familiar laughter, and heartwarming connections",Normal
"Attended a spontaneous dance workshop today. The music, the movement, and the spontaneity of it all brought an unexpected burst of joy and energy to my routine. Dancing through life's surprises!",Normal
"Trying to keep up with the social scene is overwhelming. The constant pressure to fit into a particular social group is causing stress, and I'm feeling like an imposter. It's hard to be authentic when the expectations of my friends and society are so rigid.",Stress
"I'm so frustrated with my lack of progress in therapy. It feels like I've been stuck in the same place for years, and I'm afraid I'll never get better",Stress
"""I can't shake this feeling that something is seriously wrong with me",Stress
"Stressed about the future, uncertainty looming",Stress
I'm over the moon about my new job. It's going to be so much fun,Normal
"I'm so anxious about my upcoming performance review. It feels like my entire future hinges on this one meeting, and I'm terrified of what the outcome will be.",Stress
"Had a barbecue at the park with friends. Grilling, chatting, and enjoying the outdoors made for a laid-back and stress-free day",Normal
"Ive never really had a problem with my education until this semester, I feel mislead in my classes i.e (I do great on the homework and then I end up failing the tests). This has lead to me failing or doing not up to my standards in my other classes and its beginning to effect my own self worth. Instead of being confident in myself im resorting to internal hatred and just overall sadness. ",Stress
"Juggling bills and unexpected expenses is causing me some anxiety. The constant pressure of financial instability is making it hard to relax, and I find myself worrying about making ends meet.",Stress
"I'm so tired of feeling like I'm always teetering on the edge of a breakdown. The smallest thing can send me spiraling into a panic, and I'm afraid that one day I won't be able to pull myself back together",Stress
"Balancing a part-time job with my university studies is taking a toll on me. The workload is overwhelming, and the pressure to excel both academically and professionally is making me anxious. I'm constantly worried about falling behind.",Stress
"I'm so stressed about the state of the world right now. It feels like every time I turn on the news, there's another crisis, and I don't know how to cope with it all",Stress
"The fear of losing my job is constantly looming over me. The uncertainty of the future is paralyzing, and I can't shake the feeling of impending doom",Stress
"Completed a home renovation project. The transformation, the sense of accomplishment, and the improved functionality of the space brought a renewed energy to my living environment",Normal
"Received fantastic news â€“ the project deadline got extended by a week! Relief, flexibility, and a chance to deliver an even better result",Normal
The picnic we had yesterday was such a blast! It was pure joy being surrounded by nature and friends,Normal
"Heart racing, but in the best way possible! Today marks my first date, and the mix of nerves and happiness is surreal. Ready to embark on this new adventure and see where it takes us",Normal
"Found a hand-written letter from a loved one. Heartfelt words, warm feelings, and gratitude",Normal
Attended a motivational seminar today. The powerful words and positive energy of the speaker have left me feeling inspired and ready to tackle new challenges with a renewed mindset,Normal
Weekend getaway â€“ exploration and laughter,Normal
"My coworkers are so demanding, I feel like I'm always on edge around them",Stress
"Received a handwritten letter from a friend. The personal touch, the effort in each word, and the nostalgia of traditional correspondence warmed my heart",Normal
"Today was a milestone â€“ experienced my first kiss! The emotions are still lingering, and the joy is overwhelming. It's a memory that will be etched in my heart forever. Here's to the sweet moments in life!",Normal
"I'm so worried about my parents' health. It feels like every time I turn around, there's another health scare, and I don't know how much more I can handle",Stress
"I keep making mistakes at work, and it's making me doubt my abilities. I can't concentrate on anything because I'm constantly worried about messing up again",Stress
Caught up on some reading over the weekend. It's always nice to escape into a good book and explore different worlds.,Normal
"I'm highly stressed due to the relentless financial pressure. The constant struggle to make ends meet, coupled with the fear of falling deeper into debt, is creating a sense of hopelessness and despair.",Stress
Saw a beautiful sunset on my evening walk. Nature's beauty has a way of bringing a sense of calm and appreciation.,Normal
"I'm so overwhelmed, I can't focus on anything.",Stress
"I'm facing the stress of working part-time to cover tuition, and it's affecting my mental health. The constant pressure to balance work and studies is causing mood swings and exhaustion. It's like I'm caught in a cycle of stress with no relief in sight.",Stress
"I can't seem to shake this feeling of sadness and hopelessness. No matter what I do, I can't find any joy or meaning in life anymore",Stress
Took a break from technology and enjoyed a quiet walk in the neighborhood. Disconnecting for a while helps clear the mind.,Normal
"Achieved a personal fitness goal today! The discipline and hard work finally paid off, and I'm basking in the sense of accomplishment. Ready to set new challenges and push my limits even further",Normal
"Moving to a new city for a job opportunity seemed exciting at first, but now the reality of starting over in an unfamiliar place is setting in. The anxiety of leaving behind everything I know is crippling",Stress
"It's Christmas, and the festive spirit is all around. The warmth of family, the twinkling lights, and the joy of the season make it a day filled with happiness",Normal
"Received a letter of acceptance from my dream college! The relief, the excitement, and the joy of knowing my hard work paid off are indescribable",Normal
"Spent a day in nature. Fresh air, green surroundings, and a rejuvenated spirit",Normal
"Game night at home with friends â€“ laughter, snacks, and good vibes",Normal
"I'm tired of feeling like I'm not good enough for anyone. The pressure to live up to impossible standards is crushing, and I'm exhausted from trying to please everyone",Stress
"Completed a DIY home improvement project. The transformed space, the sense of accomplishment, and the joy of creating a cozy environment",Normal
"I'm the only one putting in any effort at work, and it's starting to take a toll on me. The frustration of carrying the team's workload is becoming unbearable",Stress
"I have so much on my plate right now, I don't know where to start!",Stress
"Shame about financial situation, hiding struggles",Stress
"Learned a new dance routine today. The rhythm, movement, and the joy of expressing emotions through dance made it an uplifting and energetic experience",Normal
"Completed a workout routine. Endorphins, energy boost, and a healthy happiness",Normal
"I'm so tired of pretending like everything's okay when inside, I'm falling apart. I just wish someone would see through the facade and offer me some support",Stress
"The uncertainty of the future is keeping me up at night. The fear of the unknown and what lies ahead is overwhelming, and I'm afraid to take the next step",Stress
"I'm so overwhelmed with work. It feels like I'm drowning in deadlines, and I can't seem to catch a break",Stress
Attended a virtual event on a topic I'm passionate about. Engaging discussions and connecting with like-minded individuals â€“ a great way to spend an evening.,Normal
"Spent a day at a botanical garden with friends. Admiring the beauty of flowers, taking leisurely walks, and enjoying a picnic in a tranquil setting",Normal
"Nailed the piano piece I've been practicing! The melody flowed effortlessly, and the feeling of musical accomplishment is pure bliss",Normal
"Pressure from parents, perfection expected",Stress
"Reunited with childhood friends. Nostalgia, laughter, and timeless connections",Normal
"I'm excelling in my grades, but I'm worried. I had dreams of pursuing music, but I'm forced to sacrifice it for my family. I'm constantly agitated, questioning why I can't decide for myself. It feels like my life is being controlled by social norms, and I'm so tired of it all.",Stress
"Spent an afternoon at a local art workshop. The freedom to express creativity, the joy of experimenting with different mediums, and the encouragement from fellow artists made it a memorable day",Normal
"I feel isolated in my friend group, like an outsider. The constant pressure to conform to their ideals and beliefs is causing anxiety. It's hard to be true to myself when the expectations of my friends and society are pulling me in different directions.",Stress
It's so nice to see everyone coming together for a good cause. It makes me happy to be part of such a caring community,Normal
"Hosted a potluck picnic in the backyard with friends. Sharing food, laughter, and good times in a casual and stress-free environment",Normal
"Feeling inadequate, comparing self to others",Stress
"Participated in a community clean-up initiative. The shared purpose, teamwork, and the positive impact on the environment have left me with a sense of pride and fulfillment",Normal
"It feels like I'm drowning in a sea of responsibilities, with no lifeline in sight. No matter how hard I try to stay afloat, I just keep sinking deeper and deeper",Stress
"The burden of student loans is causing constant worry and anxiety. I'm overwhelmed by the thought of the debt I'll have to repay after graduation, and it's affecting my ability to concentrate on my coursework.",Stress
"I feel so grateful for the little moments of happiness in my life, like enjoying a cup of coffee in the morning sunshine.",Normal
"Spent the day at a local farmers' market. The vibrant colors, fresh produce, and the joy of supporting local vendors added a sense of community and connection to my weekend",Normal
"The pressure to be in a relationship is causing constant worry. All my friends are happily committed, and it feels like there's an expectation for me to follow suit. The anxiety about being the only single one is affecting my ability to enjoy social interactions.",Stress
Hosted a DIY craft night with friends. Creating art together and unleashing our creativity without any pressure or deadlines,Normal
"I feel so isolated and alone. It's like no one understands what I'm going through, and I'm struggling to find anyone to talk to about my problems.",Stress
"Game of beach volleyball â€“ sun, sand, and smiles",Normal
Relationship issues are leaving me irritable and moody. Constant arguments and tension make me feel like I'm walking on eggshells. The emotional strain is affecting my overall happiness and causing me sleepless nights.,Stress
"The fear of failure is paralyzing. The thought of not living up to expectations or falling short of my goals fills me with dread, and I'm afraid to even try",Stress
Listened to a motivational podcast during my morning routine. Positive messages set the tone for a good day ahead.,Normal
I can't seem to catch a break lately,Stress
"The pressure to succeed is suffocating. It's like I'm trapped in a never-ending cycle of striving for perfection, and any misstep feels like a step backward. I'm exhausted, but the thought of giving up terrifies me more than the thought of continuing",Stress
Financial instability is causing a slight strain on my well-being. The constant worry about making wise financial decisions and the fear of unexpected setbacks are creating a low-level stress that's always present.,Stress
"I feel the constant pressure to be in a relationship, especially when all my friends are happily coupled up. It's like society expects me to follow the same path, and the anxiety about being the odd one out is affecting my overall well-being.",Stress
"I'm drowning in debt, and I don't see a way out",Stress
I'm so anxious about where my relationship is headed,Stress
"While my friend effortlessly grasps new concepts, I struggle to keep up and feel like I'm falling behind. It's frustrating to see them excel while I'm still grappling with the basics. I can't help but wonder why I can't seem to grasp things as quickly",Stress
"Joined a community garden project with friends. Planting, tending to plants, and sharing the joys of gardening created a peaceful and stress-free escape",Normal
"I mean, take my job, for example. Every day, I walk into work with this sense of purpose and determination. And you know what? I love it. I'm fully immersed in my tasks, diving headfirst into projects and giving them my all. It's like a puzzle, and I'm the one putting all the pieces together. And when I step back and see the finished product, it's like this rush of joy floods my veins. I did that. Me.",Normal
Joined a community choir with friends. Singing together and creating beautiful harmonies in a relaxed and enjoyable atmosphere,Normal
"I'm so tired of feeling like I'm always under scrutiny. It feels like everyone is watching me, waiting for me to slip up so they can tear me down",Stress
"I can't seem to shake this feeling of worthlessness. No matter what I do, I never feel like I'm good enough",Stress
"Art class together â€“ colors, creativity, and camaraderie",Normal
Attended a weekend music festival with friends. Dancing to our favorite tunes and immersing ourselves in the lively atmosphere was a perfect escape,Normal
I don't know how to cope with the pressure my parents put on me,Stress
"Decided to revamp my daily routine. Early to bed, early to rise, and replaced social media scrolling with a good book before sleep. The newfound energy and happiness are making each day brighter and more fulfilling",Normal
Joined a painting workshop with friends. Exploring our artistic sides together in a supportive environment made for a fun and stress-free experience,Normal
"Spent the afternoon at a botanical garden surrounded by vibrant blooms. The beauty, the fresh air, and the tranquility turned it into a peaceful and joyful escape",Normal
"My partner and I are going through a rough patch. The constant arguments and emotional distance are leaving me feeling isolated and depressed. I can't concentrate on anything, and the negativity is consuming me.",Stress
Enjoyed a delicious home-cooked meal last night â€“ there's something comforting about good food and a cozy evening at home.,Normal
I'm happy to report that the presentation went really nice! Everyone seemed impressed.,Normal
Surprised my sibling with a thoughtful gift today. The joy and gratitude in their eyes made the effort worthwhile. It's the little gestures that strengthen our bonds,Normal
"Watched a breathtaking sunset. Nature's beauty, tranquility, and a peaceful soul",Normal
"Hosted a game night with neighbors. The laughter, friendly competition, and sense of community made for a delightful evening. Grateful for the bonds formed close to home",Normal
"Had a video call with a long-distance friend. Even though we're miles apart, it feels like we're right there catching up in person.",Normal
Spent the weekend at a friend's house playing board games. It was a carefree time filled with laughter and friendly competition.,Normal
I'm so stressed about money. I can't stop worrying about how I'm going to pay the bills or afford basic necessities. It feels like I'm drowning in debt with no way out,Stress
"Every day feels like a struggle. I'm so tired of pretending like everything's okay when inside, I'm falling apart. I just can't shake this feeling of loneliness and despair",Stress
"I'm so worried about my child's future. It feels like every decision I make now will impact them for the rest of their life, and I'm afraid I'm making all the wrong choices",Stress
Just received a letter from my pen pal from across the globe! The joy of connecting with someone through handwritten words is unparalleled. Ready to dive into the cultural exchange and share experiences,Normal
I can't stop worrying about my health test results.,Stress
"Organized a karaoke night with friends. Singing, laughing, and enjoying each other's company without a care in the world",Normal
"I'm feeling so happy today, the sun is shining, and everything just feels right!",Normal
"Treasure hunt with friends. Adventure, surprises, and shared laughter",Normal
"Spent the weekend exploring a local museum. The exhibits were fascinating, and it was a great way to spend a relaxing afternoon.",Normal
"Ah, the excitement of a shopping day with my girl besties is like a burst of sunshine on a cloudy day! We've been planning this for weeks, and now that the day has finally arrived, I can barely contain my enthusiasm.From the moment we step into the mall, it's like entering a world of endless possibilities. The vibrant displays, the latest fashion trends, and the promise of discovering hidden gems ignite a spark of joy within me.",Normal
"Baked cookies from scratch. Sweet aroma, delicious bites, and a satisfied sweet tooth",Normal
"While everyone around me seems to effortlessly grasp new concepts, I struggle to keep up. It's like I'm stuck in a perpetual cycle of learning and relearning, and I can't shake the feeling that I'm falling behind. It's frustrating and demoralizing",Stress
"Hiking day â€“ fresh air, trails, and great friends",Normal
"Dealing with relationship issues is making me feel overwhelmed. My friends are all in stable relationships, and it feels like there's a constant expectation for me to be in one too. The pressure is affecting my happiness and causing me to question my choices.",Stress
"Spent an evening stargazing with friends. Enjoying the night sky, sharing stories, and sipping hot cocoa created a serene and stress-free atmosphere",Normal
Seeing my favorite band live in concert was the highlight of my year. I was grinning from ear to ear the entire time,Normal
"I'm so overwhelmed with work deadlines that I barely have time to breathe. It's like I'm constantly racing against the clock, and I can't seem to catch a break",Stress
"Participated in a community clean-up initiative. The shared purpose, teamwork, and the positive impact on the environment have left me with a sense of pride and fulfillment",Normal
"Surprise flowers on my doorstep. Unexpected gestures, instant joy, and a grateful heart",Normal
"Spent the day at a science museum. The interactive exhibits, the wonder of discovery, and the joy of lifelong learning made it a stimulating and enjoyable experience",Normal
"Feeling like a failure, self-doubt creeping in",Stress
"I feel like I'm constantly on edge, waiting for the next shoe to drop. The uncertainty of the future is paralyzing, and I can't shake the feeling of impending doom",Stress
"Sure, there are times when I doubt myself, when I wonder if I'm doing enough. But then I remember all the things I've accomplished, all the obstacles I've overcome, and suddenly, those doubts fade away. Because I know deep down, I'm capable of achieving anything I set my mind to. And that, my friend, is a truly happy feeling.",Normal
"My partner and I keep fighting about money, and it's causing so much tension in our relationship. I'm afraid it's going to tear us apart if we can't find a solution soon",Stress
Mom surprised me with the guitar of my dreams! It's not just an instrument; it's a piece of my passion come to life. Gratitude fills my heart as I look forward to playing melodies on this gift,Normal
"I'm working hard to make ends meet with a part-time job, but the constant stress is affecting my memory and concentration. I find it difficult to focus on my studies, and it feels like I'm on the brink of burnout.",Stress
"Two years felt like an eternity, but the wait is finally over! Today, I reunite with my best friend. The thought of laughter, shared stories, and the comfort of true friendship is making my heart sing",Normal
"The thought of spending quality time with my loved ones, surrounded by laughter, adventure, and endless memories in the making, fills my heart with boundless happiness. From exploring new destinations and trying out local delicacies to embarking on thrilling adventures and simply basking in each other's company, every moment promises to be an unforgettable experience.",Normal
"Attended a local food festival with friends. Exploring different cuisines, tasting delicious treats, and simply enjoying the culinary experience without stress",Normal
Organized a movie night with friends. Watching our favorite films together and sharing snacks made for a relaxed and enjoyable evening.,Normal
"I feel like I'm constantly on the verge of tears. It's like my emotions are right at the surface, ready to spill over at any moment",Stress
"A magical moment happened today â€“ experienced my first kiss! The joy, the excitement, it's something I'll cherish forever. Here's to the beauty of new beginnings and sweet memories",Normal
"You know, sometimes I catch myself reflecting on how far I've come. Sure, there are moments when I doubt myself, but then I look around and realize just how much I've accomplished. It's like a wave of gratitude washes over me, reminding me of all the successes I've had, big and small.",Normal
"I'm so stressed about finding a job after graduation. It feels like everyone else has their future figured out, and I'm the only one left behind",Stress
The uncertainty of my financial situation is leaving me slightly stressed. The constant worry about unexpected expenses and the fear of falling into debt is affecting my peace of mind.,Stress
"Constantly pushed to excel, no room for error",Stress
"My siblings are always fighting, and it's driving me crazy",Stress
"Boardwalk amusement park â€“ rides, treats, and fun",Normal
Had a great conversation with a colleague at work. Building positive relationships in the workplace contributes to a healthy work environment.,Normal
"I'm so overwhelmed with responsibilities at work that I can barely keep my head above water. The pressure to perform is suffocating, and I'm afraid I'll never be able to meet expectations",Stress
"Participated in a virtual book club discussion. The exchange of ideas, shared interpretations, and the intellectual camaraderie with fellow book enthusiasts made it a fulfilling experience",Normal
"I'm so anxious about my upcoming surgery. It feels like I'm constantly on edge, waiting for something to go wrong",Stress
"In just a few hours, I'll be meeting my best friend after two long years! The anticipation is building, and I can already feel the laughter and warmth that comes with true friendship. Can't wait to create new memories together!",Normal
"Attended a virtual photography exhibition. The visual storytelling, the artistic perspectives, and the inspiration drawn from the diverse photographs made it a visually captivating experience",Normal
"Organized a picnic in a botanical garden. The beauty of nature, the fresh air, and the joy of sharing a meal in a serene environment created a perfect blend of relaxation and connection",Normal
"Financial instability has turned my life into a constant battle, and the stress is unbearable. The pressure of mounting bills, the fear of job loss, and the overall uncertainty of my financial future is causing severe anxiety and emotional exhaustion.",Stress
Spur-of-the-moment road trip â€“ adventures and memories,Normal
"The stress of trying to balance work and home life is taking its toll. I feel like I'm constantly pulled in a million different directions, and I'm afraid that if I don't keep up, I'll lose everything",Stress
"Successfully completed a challenging puzzle. The sense of accomplishment, the satisfaction, and the joy of conquering a mental challenge",Normal
"It's like I'm living in a pressure cooker at home. While my parents constantly push me to excel, my siblings seem to breeze through life without a care. I'm expected to be perfect in everything I do, and any mistake feels like a catastrophe waiting to happen",Stress
"Surprise reunion with old friends today. Laughter, shared memories, and the warmth of rekindled connections â€“ my heart is full",Normal
"Tight deadlines at work are making me short-tempered. I can't concentrate, and my judgment feels impaired. The constant pressure to meet expectations is taking a toll on my mental health, and I'm on the verge of burnout.",Stress
I'm absolutely thrilled about the upcoming family reunion. It's going to be so much fun,Normal